{
  "Ours": {
    "best": {
      "acc": 0.6209476309226932,
      "f1": 0.611354825545807,
      "p": 0.6335344685071913,
      "r": 0.6205597014925374
    },
    "best_seed": 4042,
    "mean_acc": 0.5454862842892768,
    "std_acc": 0.03428654715954431,
    "mean_f1": 0.5118561658145226,
    "mean_p": 0.5663672518649494,
    "mean_r": 0.545154975124378,
    "max_acc": 0.6209476309226932
  },
  "Ours+WNI": {
    "best": {
      "acc": 0.628428927680798,
      "f1": 0.6077840577141469,
      "p": 0.6614930250094258,
      "r": 0.6278606965174129
    },
    "best_seed": 34042,
    "mean_acc": 0.568778054862843,
    "std_acc": 0.033397247613512746,
    "mean_f1": 0.5425695814848642,
    "mean_p": 0.5930029874391861,
    "mean_r": 0.5683726368159203,
    "max_acc": 0.628428927680798
  },
  "HVGuard": {
    "best": {
      "acc": 0.5012468827930174,
      "f1": 0.3338870431893688,
      "p": 0.2506234413965087,
      "r": 0.5
    },
    "best_seed": 42,
    "mean_acc": 0.5009476309226933,
    "std_acc": 0.0012851968804713277,
    "mean_f1": 0.3337537463385411,
    "mean_p": 0.25054837795625673,
    "mean_r": 0.49970149253731344,
    "max_acc": 0.5012468827930174
  },
  "HVGuard+WNI": {
    "best": {
      "acc": 0.5211970074812967,
      "f1": 0.38445794691397506,
      "p": 0.6724507283633248,
      "r": 0.5200248756218906
    },
    "best_seed": 40042,
    "mean_acc": 0.5029426433915212,
    "std_acc": 0.0033620547723396954,
    "mean_f1": 0.3407492278530571,
    "mean_p": 0.3924256505330973,
    "mean_r": 0.501710447761194,
    "max_acc": 0.5211970074812967
  },
  "ImpliHateVid": {
    "best": {
      "acc": 0.5012468827930174,
      "f1": 0.3338870431893688,
      "p": 0.2506234413965087,
      "r": 0.5
    },
    "best_seed": 3042,
    "mean_acc": 0.48738154613466333,
    "std_acc": 0.019826048077893017,
    "mean_f1": 0.34020854488667884,
    "mean_p": 0.29748579933244607,
    "mean_r": 0.4862166666666667,
    "max_acc": 0.5012468827930174
  },
  "ImpliHateVid+WNI": {
    "best": {
      "acc": 0.5037406483790524,
      "f1": 0.3394177200519863,
      "p": 0.75125,
      "r": 0.5025
    },
    "best_seed": 3042,
    "mean_acc": 0.49750623441396513,
    "std_acc": 0.005821754379016834,
    "mean_f1": 0.335593595931357,
    "mean_p": 0.3149652463409733,
    "mean_r": 0.49627885572139296,
    "max_acc": 0.5037406483790524
  },
  "MoRE": {
    "best": {
      "acc": 0.5012468827930174,
      "f1": 0.3338870431893688,
      "p": 0.2506234413965087,
      "r": 0.5
    },
    "best_seed": 42,
    "mean_acc": 0.5011471321695761,
    "std_acc": 0.000698254364089771,
    "mean_f1": 0.33384263565891475,
    "mean_p": 0.2505984412402578,
    "mean_r": 0.4999004975124378,
    "max_acc": 0.5012468827930174
  },
  "MoRE+WNI": {
    "best": {
      "acc": 0.5236907730673317,
      "f1": 0.42229044253528136,
      "p": 0.5749752964426877,
      "r": 0.5226492537313433
    },
    "best_seed": 41042,
    "mean_acc": 0.5028428927680798,
    "std_acc": 0.003919577596885493,
    "mean_f1": 0.3397810913402137,
    "mean_p": 0.3492734075384524,
    "mean_r": 0.501607960199005,
    "max_acc": 0.5236907730673317
  }
}