{
  "Ours": {
    "best": {
      "acc": 0.6982543640897756,
      "f1": 0.6814890670027636,
      "p": 0.7496858112353902,
      "r": 0.6976865671641791
    },
    "best_seed": 19042,
    "mean_acc": 0.5920698254364091,
    "std_acc": 0.04675817788855459,
    "mean_f1": 0.5165808346085288,
    "mean_p": 0.7101098292606571,
    "mean_r": 0.5911649253731344,
    "max_acc": 0.6982543640897756
  },
  "Ours+WNI": {
    "best": {
      "acc": 0.7032418952618454,
      "f1": 0.6875004092965993,
      "p": 0.7531220876048462,
      "r": 0.7026865671641791
    },
    "best_seed": 19042,
    "mean_acc": 0.6230423940149625,
    "std_acc": 0.03710052764362827,
    "mean_f1": 0.5727803992697873,
    "mean_p": 0.7222149720898464,
    "mean_r": 0.6222313432835821,
    "max_acc": 0.7032418952618454
  },
  "HVGuard": {
    "best": {
      "acc": 0.5236907730673317,
      "f1": 0.45090153063053373,
      "p": 0.5481345244351025,
      "r": 0.5227860696517412
    },
    "best_seed": 32042,
    "mean_acc": 0.5014962593516209,
    "std_acc": 0.003639531052201109,
    "mean_f1": 0.3388386557568094,
    "mean_p": 0.2672454605548118,
    "mean_r": 0.5002686567164178,
    "max_acc": 0.5236907730673317
  },
  "HVGuard+WNI": {
    "best": {
      "acc": 0.5660847880299252,
      "f1": 0.5536235221863964,
      "p": 0.5737883615629716,
      "r": 0.5656716417910448
    },
    "best_seed": 34042,
    "mean_acc": 0.5101745635910224,
    "std_acc": 0.015470112550044856,
    "mean_f1": 0.3691005107844401,
    "mean_p": 0.46472668804255535,
    "mean_r": 0.5090783582089552,
    "max_acc": 0.5660847880299252
  },
  "ImpliHateVid": {
    "best": {
      "acc": 0.5336658354114713,
      "f1": 0.48945716483860646,
      "p": 0.5501629158142002,
      "r": 0.5329353233830846
    },
    "best_seed": 42042,
    "mean_acc": 0.5024438902743142,
    "std_acc": 0.005757088889978284,
    "mean_f1": 0.3520011065209128,
    "mean_p": 0.33873657643613064,
    "mean_r": 0.5012661691542288,
    "max_acc": 0.5336658354114713
  },
  "ImpliHateVid+WNI": {
    "best": {
      "acc": 0.5860349127182045,
      "f1": 0.5859705428670946,
      "p": 0.5860502737680438,
      "r": 0.5860074626865671
    },
    "best_seed": 41042,
    "mean_acc": 0.508778054862843,
    "std_acc": 0.01624963374049611,
    "mean_f1": 0.3711129318429092,
    "mean_p": 0.4221546499857727,
    "mean_r": 0.5076604477611941,
    "max_acc": 0.5860349127182045
  },
  "MoRE": {
    "best": {
      "acc": 0.543640897755611,
      "f1": 0.467068999324604,
      "p": 0.6057896600566572,
      "r": 0.544589552238806
    },
    "best_seed": 42,
    "mean_acc": 0.5010473815461346,
    "std_acc": 0.008520361697381594,
    "mean_f1": 0.3409987510071985,
    "mean_p": 0.2839615173945889,
    "mean_r": 0.4999134328358209,
    "max_acc": 0.543640897755611
  },
  "MoRE+WNI": {
    "best": {
      "acc": 0.5660847880299252,
      "f1": 0.5106188979912467,
      "p": 0.623191391941392,
      "r": 0.5669278606965175
    },
    "best_seed": 42,
    "mean_acc": 0.5127680798004988,
    "std_acc": 0.01396410755380577,
    "mean_f1": 0.37830093171502155,
    "mean_p": 0.5184934800829513,
    "mean_r": 0.5117072139303482,
    "max_acc": 0.5660847880299252
  }
}