{
  "Ours": {
    "best": {
      "acc": 0.5627906976744186,
      "f1": 0.5462913074712643,
      "p": 0.6826797385620915,
      "r": 0.625968992248062
    },
    "best_seed": 4042,
    "mean_acc": 0.4732093023255814,
    "std_acc": 0.02647177747534465,
    "mean_f1": 0.41321698224133285,
    "mean_p": 0.6871594164079327,
    "mean_r": 0.5586821705426356,
    "max_acc": 0.5627906976744186
  },
  "Ours+WNI": {
    "best": {
      "acc": 0.6372093023255814,
      "f1": 0.6322368421052631,
      "p": 0.7220034064296359,
      "r": 0.687984496124031
    },
    "best_seed": 42,
    "mean_acc": 0.5035348837209302,
    "std_acc": 0.034778881216784185,
    "mean_f1": 0.4582763029270786,
    "mean_p": 0.696707013473571,
    "mean_r": 0.5832558139534884,
    "max_acc": 0.6372093023255814
  },
  "HVGuard": {
    "best": {
      "acc": 0.5720930232558139,
      "f1": 0.38310878243512975,
      "p": 0.3951219512195122,
      "r": 0.4806201550387597
    },
    "best_seed": 45042,
    "mean_acc": 0.46437209302325577,
    "std_acc": 0.037652706922097705,
    "mean_f1": 0.43018185687186117,
    "mean_p": 0.5147890510035565,
    "mean_r": 0.5101550387596899,
    "max_acc": 0.5720930232558139
  },
  "HVGuard+WNI": {
    "best": {
      "acc": 0.6139534883720931,
      "f1": 0.5319344262295083,
      "p": 0.5845716783216783,
      "r": 0.5523255813953488
    },
    "best_seed": 39042,
    "mean_acc": 0.5038139534883721,
    "std_acc": 0.047473222647905516,
    "mean_f1": 0.4686408098970334,
    "mean_p": 0.5400531065132821,
    "mean_r": 0.5261627906976745,
    "max_acc": 0.6139534883720931
  },
  "ImpliHateVid": {
    "best": {
      "acc": 0.5255813953488372,
      "f1": 0.5200892857142857,
      "p": 0.5241907564479834,
      "r": 0.5251937984496124
    },
    "best_seed": 29042,
    "mean_acc": 0.43609302325581395,
    "std_acc": 0.03042244481840739,
    "mean_f1": 0.3987353790084864,
    "mean_p": 0.49530445483582125,
    "mean_r": 0.4980232558139535,
    "max_acc": 0.5255813953488372
  },
  "ImpliHateVid+WNI": {
    "best": {
      "acc": 0.5255813953488372,
      "f1": 0.5200892857142857,
      "p": 0.5241907564479834,
      "r": 0.5251937984496124
    },
    "best_seed": 29042,
    "mean_acc": 0.45646511627906966,
    "std_acc": 0.026278205377839932,
    "mean_f1": 0.4272406027710847,
    "mean_p": 0.5291519551516596,
    "mean_r": 0.5141472868217055,
    "max_acc": 0.5255813953488372
  },
  "MoRE": {
    "best": {
      "acc": 0.6,
      "f1": 0.38563264221158955,
      "p": 0.5504694835680751,
      "r": 0.501937984496124
    },
    "best_seed": 30042,
    "mean_acc": 0.40902325581395343,
    "std_acc": 0.038064702537022634,
    "mean_f1": 0.34425110208206666,
    "mean_p": 0.4423813738285158,
    "mean_r": 0.48275193798449606,
    "max_acc": 0.6
  },
  "MoRE+WNI": {
    "best": {
      "acc": 0.6,
      "f1": 0.38563264221158955,
      "p": 0.5504694835680751,
      "r": 0.501937984496124
    },
    "best_seed": 30042,
    "mean_acc": 0.4377674418604651,
    "std_acc": 0.04012570836267284,
    "mean_f1": 0.38608591296751293,
    "mean_p": 0.5086872901898979,
    "mean_r": 0.5003100775193797,
    "max_acc": 0.6
  }
}