{
  "Ours": {
    "best": {
      "acc": 0.8325581395348837,
      "f1": 0.8217247097844113,
      "p": 0.8317398712608861,
      "r": 0.8158914728682171
    },
    "best_seed": 21042,
    "mean_acc": 0.7548837209302326,
    "std_acc": 0.047361993877312776,
    "mean_f1": 0.7334753362563289,
    "mean_p": 0.7626483986699572,
    "mean_r": 0.7324031007751938,
    "max_acc": 0.8325581395348837
  },
  "Ours+WNI": {
    "best": {
      "acc": 0.8325581395348837,
      "f1": 0.8217247097844113,
      "p": 0.8317398712608861,
      "r": 0.8158914728682171
    },
    "best_seed": 21042,
    "mean_acc": 0.7758139534883722,
    "std_acc": 0.034954966005685456,
    "mean_f1": 0.7563336588616643,
    "mean_p": 0.7795731553415071,
    "mean_r": 0.751782945736434,
    "max_acc": 0.8325581395348837
  },
  "HVGuard": {
    "best": {
      "acc": 0.6093023255813953,
      "f1": 0.4192179058399794,
      "p": 0.6371610845295055,
      "r": 0.5155038759689923
    },
    "best_seed": 11042,
    "mean_acc": 0.5871627906976745,
    "std_acc": 0.019076799610952308,
    "mean_f1": 0.43128279784883394,
    "mean_p": 0.43310666710434703,
    "mean_r": 0.5071317829457365,
    "max_acc": 0.6093023255813953
  },
  "HVGuard+WNI": {
    "best": {
      "acc": 0.6604651162790698,
      "f1": 0.620205686630369,
      "p": 0.6448283355063016,
      "r": 0.6201550387596899
    },
    "best_seed": 38042,
    "mean_acc": 0.6133953488372094,
    "std_acc": 0.013973319241395664,
    "mean_f1": 0.4588381260712573,
    "mean_p": 0.5964522026879696,
    "mean_r": 0.5292248062015505,
    "max_acc": 0.6604651162790698
  },
  "ImpliHateVid": {
    "best": {
      "acc": 0.6232558139534884,
      "f1": 0.496108330198779,
      "p": 0.6213794796269023,
      "r": 0.5445736434108527
    },
    "best_seed": 13042,
    "mean_acc": 0.5854883720930233,
    "std_acc": 0.028332263312386093,
    "mean_f1": 0.4268609042627906,
    "mean_p": 0.4439025629389737,
    "mean_r": 0.5050775193798449,
    "max_acc": 0.6232558139534884
  },
  "ImpliHateVid+WNI": {
    "best": {
      "acc": 0.6558139534883721,
      "f1": 0.5765914413455397,
      "p": 0.6601489757914338,
      "r": 0.5930232558139534
    },
    "best_seed": 47042,
    "mean_acc": 0.6085581395348837,
    "std_acc": 0.011176735476000454,
    "mean_f1": 0.41959876469148355,
    "mean_p": 0.5545608094621322,
    "mean_r": 0.5165116279069768,
    "max_acc": 0.6558139534883721
  },
  "MoRE": {
    "best": {
      "acc": 0.6697674418604651,
      "f1": 0.6457332497853281,
      "p": 0.6534825390700366,
      "r": 0.6434108527131783
    },
    "best_seed": 35042,
    "mean_acc": 0.5966511627906976,
    "std_acc": 0.019535769636611546,
    "mean_f1": 0.3927843206720252,
    "mean_p": 0.4034799373906037,
    "mean_r": 0.5020542635658914,
    "max_acc": 0.6697674418604651
  },
  "MoRE+WNI": {
    "best": {
      "acc": 0.6697674418604651,
      "f1": 0.6457332497853281,
      "p": 0.6534825390700366,
      "r": 0.6434108527131783
    },
    "best_seed": 35042,
    "mean_acc": 0.6172093023255814,
    "std_acc": 0.014920013890553899,
    "mean_f1": 0.4431426025436144,
    "mean_p": 0.6684357524747644,
    "mean_r": 0.528139534883721,
    "max_acc": 0.6697674418604651
  }
}