{
  "Ours": {
    "best": {
      "acc": 0.6683291770573566,
      "f1": 0.6453852138008072,
      "p": 0.725483309920396,
      "r": 0.6676990049751244
    },
    "best_seed": 49042,
    "mean_acc": 0.5517705735660847,
    "std_acc": 0.04612538829728794,
    "mean_f1": 0.44296311383281434,
    "mean_p": 0.6574098395475982,
    "mean_r": 0.5507345771144279,
    "max_acc": 0.6683291770573566
  },
  "Ours+WNI": {
    "best": {
      "acc": 0.6683291770573566,
      "f1": 0.6453852138008072,
      "p": 0.725483309920396,
      "r": 0.6676990049751244
    },
    "best_seed": 49042,
    "mean_acc": 0.5698254364089775,
    "std_acc": 0.042942759245747544,
    "mean_f1": 0.47968700001226056,
    "mean_p": 0.704507853422395,
    "mean_r": 0.5688385572139303,
    "max_acc": 0.6683291770573566
  },
  "HVGuard": {
    "best": {
      "acc": 0.5885286783042394,
      "f1": 0.5755960513402736,
      "p": 0.6001272264631043,
      "r": 0.5880970149253731
    },
    "best_seed": 46042,
    "mean_acc": 0.5126184538653367,
    "std_acc": 0.018722583515315826,
    "mean_f1": 0.3671694128245547,
    "mean_p": 0.42598281697829826,
    "mean_r": 0.5114910447761194,
    "max_acc": 0.5885286783042394
  },
  "HVGuard+WNI": {
    "best": {
      "acc": 0.5985037406483791,
      "f1": 0.5905178701677607,
      "p": 0.6063038793103448,
      "r": 0.5981592039800995
    },
    "best_seed": 36042,
    "mean_acc": 0.5316209476309227,
    "std_acc": 0.027064836871242132,
    "mean_f1": 0.4197769887406302,
    "mean_p": 0.6034062094813355,
    "mean_r": 0.530628606965174,
    "max_acc": 0.5985037406483791
  },
  "ImpliHateVid": {
    "best": {
      "acc": 0.6159600997506235,
      "f1": 0.6085969982760369,
      "p": 0.6248455546602203,
      "r": 0.6156218905472637
    },
    "best_seed": 44042,
    "mean_acc": 0.5166084788029925,
    "std_acc": 0.023680848426478985,
    "mean_f1": 0.38177248393069746,
    "mean_p": 0.468780366594005,
    "mean_r": 0.5154766169154229,
    "max_acc": 0.6159600997506235
  },
  "ImpliHateVid+WNI": {
    "best": {
      "acc": 0.6159600997506235,
      "f1": 0.6085969982760369,
      "p": 0.6248455546602203,
      "r": 0.6156218905472637
    },
    "best_seed": 44042,
    "mean_acc": 0.5207481296758104,
    "std_acc": 0.02244217228115763,
    "mean_f1": 0.3928777651172357,
    "mean_p": 0.5924298095110705,
    "mean_r": 0.5196350746268655,
    "max_acc": 0.6159600997506235
  },
  "MoRE": {
    "best": {
      "acc": 0.5685785536159601,
      "f1": 0.561199769761602,
      "p": 0.5730797912005966,
      "r": 0.5682587064676617
    },
    "best_seed": 19042,
    "mean_acc": 0.5072817955112218,
    "std_acc": 0.01729954502999032,
    "mean_f1": 0.3711918035534202,
    "mean_p": 0.3712621525904889,
    "mean_r": 0.5065768656716418,
    "max_acc": 0.5685785536159601
  },
  "MoRE+WNI": {
    "best": {
      "acc": 0.6433915211970075,
      "f1": 0.6401601435770001,
      "p": 0.6483476826313348,
      "r": 0.6431592039800995
    },
    "best_seed": 24042,
    "mean_acc": 0.5427431421446385,
    "std_acc": 0.043342076337508174,
    "mean_f1": 0.45085595865235967,
    "mean_p": 0.6034267243499104,
    "mean_r": 0.541928855721393,
    "max_acc": 0.6433915211970075
  }
}