{
  "Ours": {
    "best": {
      "acc": 0.8280254777070064,
      "f1": 0.8029563519732255,
      "p": 0.7940489032722042,
      "r": 0.8163442940038685
    },
    "best_seed": 49042,
    "mean_acc": 0.7830573248407644,
    "std_acc": 0.0296684041949162,
    "mean_f1": 0.7476399897513375,
    "mean_p": 0.7540661423966385,
    "mean_r": 0.7665841392649904,
    "max_acc": 0.8280254777070064
  },
  "Ours+WNI": {
    "best": {
      "acc": 0.8407643312101911,
      "f1": 0.8175521777529866,
      "p": 0.8081625314635024,
      "r": 0.8315280464216634
    },
    "best_seed": 49042,
    "mean_acc": 0.8091719745222931,
    "std_acc": 0.018058644735459206,
    "mean_f1": 0.7764500592738177,
    "mean_p": 0.7777833578571967,
    "mean_r": 0.7889980657640234,
    "max_acc": 0.8407643312101911
  },
  "HVGuard": {
    "best": {
      "acc": 0.7006369426751592,
      "f1": 0.41198501872659177,
      "p": 0.3503184713375796,
      "r": 0.5
    },
    "best_seed": 42,
    "mean_acc": 0.6101910828025477,
    "std_acc": 0.10387439557654107,
    "mean_f1": 0.4362905543337655,
    "mean_p": 0.4180980951365453,
    "mean_r": 0.4993075435203094,
    "max_acc": 0.7006369426751592
  },
  "HVGuard+WNI": {
    "best": {
      "acc": 0.7515923566878981,
      "f1": 0.5820192504607823,
      "p": 0.8207482993197279,
      "r": 0.5911992263056093
    },
    "best_seed": 2042,
    "mean_acc": 0.687515923566879,
    "std_acc": 0.03167879074065765,
    "mean_f1": 0.46479995776103566,
    "mean_p": 0.5985107444967415,
    "mean_r": 0.5145203094777563,
    "max_acc": 0.7515923566878981
  },
  "ImpliHateVid": {
    "best": {
      "acc": 0.7070063694267515,
      "f1": 0.43436716791979946,
      "p": 0.8525641025641026,
      "r": 0.5106382978723404
    },
    "best_seed": 28042,
    "mean_acc": 0.5820382165605096,
    "std_acc": 0.12857971738129942,
    "mean_f1": 0.42333422617786604,
    "mean_p": 0.426087652389376,
    "mean_r": 0.4912804642166344,
    "max_acc": 0.7070063694267515
  },
  "ImpliHateVid+WNI": {
    "best": {
      "acc": 0.7261146496815286,
      "f1": 0.5119641437143064,
      "p": 0.7775938189845475,
      "r": 0.5486460348162476
    },
    "best_seed": 49042,
    "mean_acc": 0.6992356687898088,
    "std_acc": 0.011485473524113247,
    "mean_f1": 0.4304036109723642,
    "mean_p": 0.4890979006710268,
    "mean_r": 0.5053365570599613,
    "max_acc": 0.7261146496815286
  },
  "MoRE": {
    "best": {
      "acc": 0.7070063694267515,
      "f1": 0.4856125356125356,
      "p": 0.6423809523809524,
      "r": 0.5289168278529981
    },
    "best_seed": 37042,
    "mean_acc": 0.6866242038216561,
    "std_acc": 0.04131789742732956,
    "mean_f1": 0.42125812394816436,
    "mean_p": 0.40266646235578646,
    "mean_r": 0.5013326885880077,
    "max_acc": 0.7070063694267515
  },
  "MoRE+WNI": {
    "best": {
      "acc": 0.7452229299363057,
      "f1": 0.5653377630121816,
      "p": 0.8126876876876876,
      "r": 0.5805609284332689
    },
    "best_seed": 29042,
    "mean_acc": 0.7049681528662419,
    "std_acc": 0.012574739036181466,
    "mean_f1": 0.44735760261749036,
    "mean_p": 0.5933802745320492,
    "mean_r": 0.5161295938104449,
    "max_acc": 0.7452229299363057
  }
}