{
  "Ours": {
    "best": {
      "acc": 0.8511627906976744,
      "f1": 0.8407407407407408,
      "p": 0.8544182480352693,
      "r": 0.8333333333333333
    },
    "best_seed": 6042,
    "mean_acc": 0.7775813953488373,
    "std_acc": 0.0670070344942562,
    "mean_f1": 0.7647104897922601,
    "mean_p": 0.7889181386382762,
    "mean_r": 0.7691860465116279,
    "max_acc": 0.8511627906976744
  },
  "Ours+WNI": {
    "best": {
      "acc": 0.8511627906976744,
      "f1": 0.8407407407407408,
      "p": 0.8544182480352693,
      "r": 0.8333333333333333
    },
    "best_seed": 6042,
    "mean_acc": 0.813581395348837,
    "std_acc": 0.03542024611017176,
    "mean_f1": 0.8030681054041952,
    "mean_p": 0.8127658534170061,
    "mean_r": 0.8005426356589146,
    "max_acc": 0.8511627906976744
  },
  "HVGuard": {
    "best": {
      "acc": 0.627906976744186,
      "f1": 0.5794209702660407,
      "p": 0.603829739442947,
      "r": 0.5833333333333333
    },
    "best_seed": 7042,
    "mean_acc": 0.5703255813953488,
    "std_acc": 0.039090692071107686,
    "mean_f1": 0.5445794475777568,
    "mean_p": 0.6043029311671767,
    "mean_r": 0.5815116279069769,
    "max_acc": 0.627906976744186
  },
  "HVGuard+WNI": {
    "best": {
      "acc": 0.6651162790697674,
      "f1": 0.6580063626723224,
      "p": 0.6575091575091575,
      "r": 0.6627906976744187
    },
    "best_seed": 38042,
    "mean_acc": 0.6223255813953488,
    "std_acc": 0.019312129760024832,
    "mean_f1": 0.5933712145659541,
    "mean_p": 0.6076552770682511,
    "mean_r": 0.5986434108527131,
    "max_acc": 0.6651162790697674
  },
  "ImpliHateVid": {
    "best": {
      "acc": 0.6186046511627907,
      "f1": 0.5994638313340603,
      "p": 0.6005409866128737,
      "r": 0.5988372093023255
    },
    "best_seed": 41042,
    "mean_acc": 0.5109767441860464,
    "std_acc": 0.047660326902057994,
    "mean_f1": 0.4879166926290064,
    "mean_p": 0.5800995056246345,
    "mean_r": 0.5551937984496124,
    "max_acc": 0.6186046511627907
  },
  "ImpliHateVid+WNI": {
    "best": {
      "acc": 0.6465116279069767,
      "f1": 0.565147966787311,
      "p": 0.6434667908131595,
      "r": 0.5833333333333334
    },
    "best_seed": 34042,
    "mean_acc": 0.5842790697674419,
    "std_acc": 0.031830948812839086,
    "mean_f1": 0.5430886574056644,
    "mean_p": 0.568070460810401,
    "mean_r": 0.555891472868217,
    "max_acc": 0.6465116279069767
  },
  "MoRE": {
    "best": {
      "acc": 0.6465116279069767,
      "f1": 0.581025641025641,
      "p": 0.6343035619351409,
      "r": 0.5910852713178294
    },
    "best_seed": 44042,
    "mean_acc": 0.5584186046511629,
    "std_acc": 0.05621106789233359,
    "mean_f1": 0.4491094405234318,
    "mean_p": 0.5938651283670829,
    "mean_r": 0.5443410852713179,
    "max_acc": 0.6465116279069767
  },
  "MoRE+WNI": {
    "best": {
      "acc": 0.7116279069767442,
      "f1": 0.6826190476190477,
      "p": 0.7046771523178808,
      "r": 0.6782945736434108
    },
    "best_seed": 45042,
    "mean_acc": 0.6303255813953489,
    "std_acc": 0.026592939363917257,
    "mean_f1": 0.5717979681054227,
    "mean_p": 0.63006747618081,
    "mean_r": 0.5903488372093023,
    "max_acc": 0.7116279069767442
  }
}