{
  "Ours": {
    "best": {
      "acc": 0.7852760736196319,
      "f1": 0.7125220458553791,
      "p": 0.7601383587786259,
      "r": 0.6952201933404941
    },
    "best_seed": 2042,
    "mean_acc": 0.7173006134969324,
    "std_acc": 0.06890682186649083,
    "mean_f1": 0.6690777501576958,
    "mean_p": 0.6907404913292373,
    "mean_r": 0.6783906194056571,
    "max_acc": 0.7852760736196319
  },
  "Ours+WNI": {
    "best": {
      "acc": 0.7975460122699386,
      "f1": 0.7484685527238719,
      "p": 0.7625934671389216,
      "r": 0.7389008234872896
    },
    "best_seed": 2042,
    "mean_acc": 0.7666257668711657,
    "std_acc": 0.018444129986859924,
    "mean_f1": 0.7035358340845025,
    "mean_p": 0.7288934339663753,
    "mean_r": 0.6957339778016469,
    "max_acc": 0.7975460122699386
  },
  "HVGuard": {
    "best": {
      "acc": 0.6932515337423313,
      "f1": 0.42798989331836046,
      "p": 0.5166666666666666,
      "r": 0.5014321518080916
    },
    "best_seed": 27042,
    "mean_acc": 0.5360736196319018,
    "std_acc": 0.10898088779310819,
    "mean_f1": 0.4414501192978117,
    "mean_p": 0.5026632454971925,
    "mean_r": 0.5090332975295382,
    "max_acc": 0.6932515337423313
  },
  "HVGuard+WNI": {
    "best": {
      "acc": 0.7116564417177914,
      "f1": 0.4537611408199643,
      "p": 0.8540372670807453,
      "r": 0.5204081632653061
    },
    "best_seed": 2042,
    "mean_acc": 0.6747239263803683,
    "std_acc": 0.0297906934349246,
    "mean_f1": 0.4837076405274619,
    "mean_p": 0.5422457837341953,
    "mean_r": 0.520186179735052,
    "max_acc": 0.7116564417177914
  },
  "ImpliHateVid": {
    "best": {
      "acc": 0.6257668711656442,
      "f1": 0.41391099322133806,
      "p": 0.4026360544217687,
      "r": 0.4590046544933763
    },
    "best_seed": 9042,
    "mean_acc": 0.41803680981595087,
    "std_acc": 0.07441300520875452,
    "mean_f1": 0.3980477753992514,
    "mean_p": 0.5079830359703034,
    "mean_r": 0.5028428213390619,
    "max_acc": 0.6257668711656442
  },
  "ImpliHateVid+WNI": {
    "best": {
      "acc": 0.7055214723926381,
      "f1": 0.544055944055944,
      "p": 0.6277195809830782,
      "r": 0.5567490153956319
    },
    "best_seed": 48042,
    "mean_acc": 0.6368098159509202,
    "std_acc": 0.04211288908400126,
    "mean_f1": 0.48183355915109166,
    "mean_p": 0.5005205666970032,
    "mean_r": 0.5059971356963837,
    "max_acc": 0.7055214723926381
  },
  "MoRE": {
    "best": {
      "acc": 0.6993865030674846,
      "f1": 0.41155234657039713,
      "p": 0.3496932515337423,
      "r": 0.5
    },
    "best_seed": 3042,
    "mean_acc": 0.5126380368098158,
    "std_acc": 0.1769219638966411,
    "mean_f1": 0.3650418801640717,
    "mean_p": 0.4239715913577802,
    "mean_r": 0.4984461152882206,
    "max_acc": 0.6993865030674846
  },
  "MoRE+WNI": {
    "best": {
      "acc": 0.7239263803680982,
      "f1": 0.49305411569562513,
      "p": 0.8584905660377358,
      "r": 0.5408163265306123
    },
    "best_seed": 17042,
    "mean_acc": 0.654601226993865,
    "std_acc": 0.06366490334516726,
    "mean_f1": 0.48277167562272255,
    "mean_p": 0.5446646037609593,
    "mean_r": 0.5209273182957395,
    "max_acc": 0.7239263803680982
  }
}