{
  "Ours": {
    "best": {
      "acc": 0.7643312101910829,
      "f1": 0.7512525157367362,
      "p": 0.753663301856073,
      "r": 0.8013539651837525
    },
    "best_seed": 4042,
    "mean_acc": 0.6538853503184714,
    "std_acc": 0.055404640835718215,
    "mean_f1": 0.6502244077009292,
    "mean_p": 0.7142855151929087,
    "mean_r": 0.7383771760154739,
    "max_acc": 0.7643312101910829
  },
  "Ours+WNI": {
    "best": {
      "acc": 0.7834394904458599,
      "f1": 0.7707044673539518,
      "p": 0.7707110241356816,
      "r": 0.821083172147002
    },
    "best_seed": 4042,
    "mean_acc": 0.6961783439490445,
    "std_acc": 0.0437454900221472,
    "mean_f1": 0.6897324898050456,
    "mean_p": 0.7267655658803185,
    "mean_r": 0.7633191489361703,
    "max_acc": 0.7834394904458599
  },
  "HVGuard": {
    "best": {
      "acc": 0.7070063694267515,
      "f1": 0.43436716791979946,
      "p": 0.8525641025641026,
      "r": 0.5106382978723404
    },
    "best_seed": 45042,
    "mean_acc": 0.44547770700636946,
    "std_acc": 0.09962736364411609,
    "mean_f1": 0.41489658181942757,
    "mean_p": 0.5061621028934056,
    "mean_r": 0.48923984526112185,
    "max_acc": 0.7070063694267515
  },
  "HVGuard+WNI": {
    "best": {
      "acc": 0.7197452229299363,
      "f1": 0.5779569892473119,
      "p": 0.6590389016018307,
      "r": 0.5806576402321083
    },
    "best_seed": 29042,
    "mean_acc": 0.543312101910828,
    "std_acc": 0.11651873533559422,
    "mean_f1": 0.4752875522703772,
    "mean_p": 0.5276574314811292,
    "mean_r": 0.5168955512572534,
    "max_acc": 0.7197452229299363
  },
  "ImpliHateVid": {
    "best": {
      "acc": 0.6496815286624203,
      "f1": 0.5182705718270572,
      "p": 0.5351605758582503,
      "r": 0.5245647969052224
    },
    "best_seed": 34042,
    "mean_acc": 0.46394904458598724,
    "std_acc": 0.08205799500475608,
    "mean_f1": 0.43705189801959304,
    "mean_p": 0.5058944228946709,
    "mean_r": 0.49986266924564793,
    "max_acc": 0.6496815286624203
  },
  "ImpliHateVid+WNI": {
    "best": {
      "acc": 0.6496815286624203,
      "f1": 0.5182705718270572,
      "p": 0.5351605758582503,
      "r": 0.5245647969052224
    },
    "best_seed": 34042,
    "mean_acc": 0.5149044585987261,
    "std_acc": 0.07683926065872348,
    "mean_f1": 0.4753644807071317,
    "mean_p": 0.5075392943095047,
    "mean_r": 0.5060058027079304,
    "max_acc": 0.6496815286624203
  },
  "MoRE": {
    "best": {
      "acc": 0.7006369426751592,
      "f1": 0.41198501872659177,
      "p": 0.3503184713375796,
      "r": 0.5
    },
    "best_seed": 30042,
    "mean_acc": 0.3928662420382165,
    "std_acc": 0.06595282282613725,
    "mean_f1": 0.3760814075105514,
    "mean_p": 0.49467903667661817,
    "mean_r": 0.4956847195357834,
    "max_acc": 0.7006369426751592
  },
  "MoRE+WNI": {
    "best": {
      "acc": 0.7070063694267515,
      "f1": 0.43436716791979946,
      "p": 0.8525641025641026,
      "r": 0.5106382978723404
    },
    "best_seed": 30042,
    "mean_acc": 0.4554140127388535,
    "std_acc": 0.07833359156846396,
    "mean_f1": 0.4324161012188892,
    "mean_p": 0.5144740814438546,
    "mean_r": 0.5046170212765957,
    "max_acc": 0.7070063694267515
  }
}