{
  "Ours": {
    "best": {
      "acc": 0.7177914110429447,
      "f1": 0.6311491538764266,
      "p": 0.6542410714285714,
      "r": 0.6237021124239169
    },
    "best_seed": 41042,
    "mean_acc": 0.6150920245398772,
    "std_acc": 0.0737096586562194,
    "mean_f1": 0.5865935519852946,
    "mean_p": 0.6208929175729665,
    "mean_r": 0.6281856426781238,
    "max_acc": 0.7177914110429447
  },
  "Ours+WNI": {
    "best": {
      "acc": 0.754601226993865,
      "f1": 0.7047101449275363,
      "p": 0.7073550990462216,
      "r": 0.7023809523809523
    },
    "best_seed": 20042,
    "mean_acc": 0.6641717791411043,
    "std_acc": 0.04751033690274615,
    "mean_f1": 0.6274401694192391,
    "mean_p": 0.638789608600413,
    "mean_r": 0.6496589688506981,
    "max_acc": 0.754601226993865
  },
  "HVGuard": {
    "best": {
      "acc": 0.7116564417177914,
      "f1": 0.47052318750431954,
      "p": 0.7303459119496856,
      "r": 0.5262262799856785
    },
    "best_seed": 5042,
    "mean_acc": 0.6504294478527608,
    "std_acc": 0.05173041640836927,
    "mean_f1": 0.4944648986567013,
    "mean_p": 0.5615318698842683,
    "mean_r": 0.523297529538131,
    "max_acc": 0.7116564417177914
  },
  "HVGuard+WNI": {
    "best": {
      "acc": 0.7361963190184049,
      "f1": 0.5664089081348593,
      "p": 0.7425496688741722,
      "r": 0.5786788399570355
    },
    "best_seed": 56042,
    "mean_acc": 0.695276073619632,
    "std_acc": 0.0221038611271542,
    "mean_f1": 0.5198018041936504,
    "mean_p": 0.6272980194533222,
    "mean_r": 0.5431408879341211,
    "max_acc": 0.7361963190184049
  },
  "ImpliHateVid": {
    "best": {
      "acc": 0.7177914110429447,
      "f1": 0.48951525054466233,
      "p": 0.7575949367088608,
      "r": 0.5364303616183316
    },
    "best_seed": 20042,
    "mean_acc": 0.6467484662576688,
    "std_acc": 0.05749340277035045,
    "mean_f1": 0.5039385191407681,
    "mean_p": 0.5704421846271941,
    "mean_r": 0.5292185821697101,
    "max_acc": 0.7177914110429447
  },
  "ImpliHateVid+WNI": {
    "best": {
      "acc": 0.7300613496932515,
      "f1": 0.5117102396514162,
      "p": 0.860759493670886,
      "r": 0.5510204081632653
    },
    "best_seed": 4042,
    "mean_acc": 0.6887730061349693,
    "std_acc": 0.021408405976101483,
    "mean_f1": 0.502474969587397,
    "mean_p": 0.5998686694642141,
    "mean_r": 0.5311609380594342,
    "max_acc": 0.7300613496932515
  },
  "MoRE": {
    "best": {
      "acc": 0.7177914110429447,
      "f1": 0.48951525054466233,
      "p": 0.7575949367088608,
      "r": 0.5364303616183316
    },
    "best_seed": 11042,
    "mean_acc": 0.6750920245398773,
    "std_acc": 0.0658812301218387,
    "mean_f1": 0.4669155848715941,
    "mean_p": 0.5600853015007822,
    "mean_r": 0.52312567132116,
    "max_acc": 0.7177914110429447
  },
  "MoRE+WNI": {
    "best": {
      "acc": 0.7361963190184049,
      "f1": 0.5550688757696947,
      "p": 0.7660130718954248,
      "r": 0.572860723236663
    },
    "best_seed": 81042,
    "mean_acc": 0.6992024539877302,
    "std_acc": 0.03342803989887905,
    "mean_f1": 0.49504406906299436,
    "mean_p": 0.7159998900334024,
    "mean_r": 0.5396643394199786,
    "max_acc": 0.7361963190184049
  }
}