{
  "Ours": {
    "best": {
      "acc": 0.754601226993865,
      "f1": 0.734354628422425,
      "p": 0.7294172062904718,
      "r": 0.7663802363050483
    },
    "best_seed": 7042,
    "mean_acc": 0.6829447852760737,
    "std_acc": 0.03967271730642694,
    "mean_f1": 0.6725796598041672,
    "mean_p": 0.6977191154326596,
    "mean_r": 0.7306283566058002,
    "max_acc": 0.754601226993865
  },
  "Ours+WNI": {
    "best": {
      "acc": 0.7730061349693251,
      "f1": 0.7533635954688587,
      "p": 0.746749226006192,
      "r": 0.7853562477622629
    },
    "best_seed": 25042,
    "mean_acc": 0.7176687116564417,
    "std_acc": 0.035656576830418014,
    "mean_f1": 0.7032161071949298,
    "mean_p": 0.7130033010620899,
    "mean_r": 0.7498675259577516,
    "max_acc": 0.7730061349693251
  },
  "HVGuard": {
    "best": {
      "acc": 0.6932515337423313,
      "f1": 0.40942028985507245,
      "p": 0.3487654320987654,
      "r": 0.4956140350877193
    },
    "best_seed": 45042,
    "mean_acc": 0.5148466257668712,
    "std_acc": 0.08638629371755692,
    "mean_f1": 0.4701735377917998,
    "mean_p": 0.5136085944918692,
    "mean_r": 0.5182939491586108,
    "max_acc": 0.6932515337423313
  },
  "HVGuard+WNI": {
    "best": {
      "acc": 0.6993865030674846,
      "f1": 0.447992259313014,
      "p": 0.6022012578616351,
      "r": 0.5116362334407447
    },
    "best_seed": 14042,
    "mean_acc": 0.5879754601226993,
    "std_acc": 0.08148532678764434,
    "mean_f1": 0.5042101762905389,
    "mean_p": 0.5394681722161657,
    "mean_r": 0.5353168635875403,
    "max_acc": 0.6993865030674846
  },
  "ImpliHateVid": {
    "best": {
      "acc": 0.6257668711656442,
      "f1": 0.5756838646353433,
      "p": 0.5744663382594417,
      "r": 0.5811851056211959
    },
    "best_seed": 6042,
    "mean_acc": 0.4391411042944785,
    "std_acc": 0.08727273653962132,
    "mean_f1": 0.4199465632674388,
    "mean_p": 0.48707248212817505,
    "mean_r": 0.4931453634085213,
    "max_acc": 0.6257668711656442
  },
  "ImpliHateVid+WNI": {
    "best": {
      "acc": 0.6380368098159509,
      "f1": 0.5374885778867888,
      "p": 0.5442105263157895,
      "r": 0.5375939849624061
    },
    "best_seed": 37042,
    "mean_acc": 0.4720245398773006,
    "std_acc": 0.07713889013109752,
    "mean_f1": 0.4521919582416014,
    "mean_p": 0.5025359617054367,
    "mean_r": 0.5046688148943788,
    "max_acc": 0.6380368098159509
  },
  "MoRE": {
    "best": {
      "acc": 0.6993865030674846,
      "f1": 0.41155234657039713,
      "p": 0.3496932515337423,
      "r": 0.5
    },
    "best_seed": 30042,
    "mean_acc": 0.38441717791411034,
    "std_acc": 0.06726802931333128,
    "mean_f1": 0.36263311263198544,
    "mean_p": 0.4980742556246965,
    "mean_r": 0.4984729681346222,
    "max_acc": 0.6993865030674846
  },
  "MoRE+WNI": {
    "best": {
      "acc": 0.7055214723926381,
      "f1": 0.4330434782608696,
      "p": 0.8518518518518519,
      "r": 0.5102040816326531
    },
    "best_seed": 30042,
    "mean_acc": 0.4568098159509202,
    "std_acc": 0.08566324255475796,
    "mean_f1": 0.4351100171534333,
    "mean_p": 0.518102571530016,
    "mean_r": 0.5113623344074472,
    "max_acc": 0.7055214723926381
  }
}