{
  "Ours": {
    "best": {
      "acc": 0.732484076433121,
      "f1": 0.7085396039603961,
      "p": 0.7040133779264214,
      "r": 0.7359767891682785
    },
    "best_seed": 42042,
    "mean_acc": 0.5161146496815286,
    "std_acc": 0.1100177385481325,
    "mean_f1": 0.503645223418969,
    "mean_p": 0.642179123815459,
    "mean_r": 0.6244003868471953,
    "max_acc": 0.732484076433121
  },
  "Ours+WNI": {
    "best": {
      "acc": 0.7579617834394905,
      "f1": 0.7040674603174604,
      "p": 0.710220318237454,
      "r": 0.6993230174081237
    },
    "best_seed": 42042,
    "mean_acc": 0.5905732484076434,
    "std_acc": 0.08481187702774277,
    "mean_f1": 0.5813581252463976,
    "mean_p": 0.6531041917058089,
    "mean_r": 0.6614516441005801,
    "max_acc": 0.7579617834394905
  },
  "HVGuard": {
    "best": {
      "acc": 0.7261146496815286,
      "f1": 0.551279494848787,
      "p": 0.6988505747126437,
      "r": 0.5669245647969052
    },
    "best_seed": 32042,
    "mean_acc": 0.6440127388535032,
    "std_acc": 0.08110906655054585,
    "mean_f1": 0.4831976957539512,
    "mean_p": 0.5199065695343996,
    "mean_r": 0.545865570599613,
    "max_acc": 0.7261146496815286
  },
  "HVGuard+WNI": {
    "best": {
      "acc": 0.7770700636942676,
      "f1": 0.6815046658552135,
      "p": 0.7659774436090225,
      "r": 0.6642166344294004
    },
    "best_seed": 87042,
    "mean_acc": 0.7154140127388534,
    "std_acc": 0.021578730457995698,
    "mean_f1": 0.5594761288206411,
    "mean_p": 0.6744945047952019,
    "mean_r": 0.5739110251450676,
    "max_acc": 0.7770700636942676
  },
  "ImpliHateVid": {
    "best": {
      "acc": 0.7261146496815286,
      "f1": 0.5119641437143064,
      "p": 0.7775938189845475,
      "r": 0.5486460348162476
    },
    "best_seed": 47042,
    "mean_acc": 0.6523566878980891,
    "std_acc": 0.06954749040796164,
    "mean_f1": 0.49395739979360337,
    "mean_p": 0.5347841115229651,
    "mean_r": 0.5454226305609284,
    "max_acc": 0.7261146496815286
  },
  "ImpliHateVid+WNI": {
    "best": {
      "acc": 0.7515923566878981,
      "f1": 0.6519638492582277,
      "p": 0.7124192601291838,
      "r": 0.6399419729206963
    },
    "best_seed": 26042,
    "mean_acc": 0.699936305732484,
    "std_acc": 0.022481369714921644,
    "mean_f1": 0.5285272743231527,
    "mean_p": 0.6266078817726952,
    "mean_r": 0.5542137330754352,
    "max_acc": 0.7515923566878981
  },
  "MoRE": {
    "best": {
      "acc": 0.732484076433121,
      "f1": 0.5971407624633431,
      "p": 0.688977879481312,
      "r": 0.5958413926499033
    },
    "best_seed": 78042,
    "mean_acc": 0.6835031847133757,
    "std_acc": 0.07046034220700285,
    "mean_f1": 0.4380837404222763,
    "mean_p": 0.4721130607912719,
    "mean_r": 0.5142765957446808,
    "max_acc": 0.732484076433121
  },
  "MoRE+WNI": {
    "best": {
      "acc": 0.7515923566878981,
      "f1": 0.6032527700382297,
      "p": 0.766983016983017,
      "r": 0.6033849129593811
    },
    "best_seed": 14042,
    "mean_acc": 0.7122292993630573,
    "std_acc": 0.019987825415344045,
    "mean_f1": 0.4937873555629823,
    "mean_p": 0.7218609995394819,
    "mean_r": 0.5425145067698258,
    "max_acc": 0.7515923566878981
  }
}